lat,lng
-6.2018311,106.824836
-6.2036879,106.8234587
-6.2059685,106.8180302
-6.202935,106.818513
-6.2024046,106.8234553
-6.1979429,106.8285957
-6.197555,106.824558
-6.2050769,106.8217092
-6.2014135,106.8221531
-6.2038393,106.8205089
-6.1971777,106.8227442
-6.203683,106.8236461
-6.2024371,106.823335
-6.1980543,106.8217092
-6.2038393,106.8205089
-6.1997319,106.822703
-6.2047249,106.8222386
-6.2046653,106.8183447
-6.2038393,106.8205089
-6.2024046,106.8234553
-6.2026404,106.8242446
-6.2065705,106.8215436
-6.2024046,106.8234553
-6.2038393,106.8205089
-6.200125,106.822192
-6.2024046,106.8234553
-6.2024046,106.8234553
-6.2024046,106.8234553
-6.1986926,106.8217092
-6.2059685,106.8180302
-6.2038986,106.8230751
-6.1971727,106.8287845
-6.1994329,106.8225554
-6.1990281,106.8226004
-6.2024046,106.8234553
-6.2013488,106.8250925
-6.2020771,106.8230922
-6.2023617,106.8249644
-6.1983702,106.82311
-6.2002615,106.82587
-6.2060658,106.8252849
-6.1991132,106.8236692
-6.2068471,106.8244846
-6.2024046,106.8234553
-6.203893,106.821676
-6.2015701,106.8224582
-6.1975245,106.8247529
-6.1996336,106.8275413
-6.2004638,106.820004
-6.2024371,106.823335
-6.2036939,106.8237304
-6.2038628,106.8245133
-6.1996476,106.8275413
-6.2064988,106.8275041
-6.1975245,106.8247529
-6.2059685,106.8180302
-6.2024046,106.8234553
-6.2034633,106.8210179
-6.2010203,106.8234155
-6.2035773,106.8204241
-6.1990281,106.8226004
-6.2059782,106.8214611
-6.2033503,106.8201934
-6.2054385,106.8214417
-6.1975987,106.824613
-6.203694,106.8237302
-6.2059685,106.8180302
-6.203647,106.8202806
-6.2024046,106.8234553
-6.1990281,106.8226004
-6.2059685,106.8180302
-6.1976137,106.8256577
-6.2024047,106.8234553
-6.2053738,106.8214668
-6.2012326,106.819541
-6.2059782,106.8214611
-6.1998429,106.8202816
-6.196745,106.8288025
-6.2024808,106.8242444
-6.2067378,106.8222249
-6.2038983,106.8199118
-6.1979603,106.8283004
-6.1990283,106.8226004
-6.1990283,106.8226004
-6.2038628,106.8245133
-6.2024987,106.8236914
-6.1998318,106.8264404
-6.2053738,106.8214668
-6.203694,106.8237302
-6.1991862,106.8224927
-6.1993366,106.8202679
-6.2009311,106.823392
-6.2032864,106.8232174
-6.1991132,106.8236692
-6.1976616,106.8193609
-6.202935,106.818513
-6.200681,106.8237604
-6.2010203,106.8234155
-6.2031334,106.8188979
-6.2018884,106.8235894
-6.1975245,106.8247529
-6.1975603,106.8245671
-6.2068051,106.8189479
-6.2053668,106.8210456
-6.2014135,106.8221531
-6.2024671,106.8255018
-6.2024052,106.823459
-6.2024207,106.8234054
-6.197952,106.8178441
-6.1990486,106.8226828
-6.2018884,106.8235894
-6.2014359,106.8207497
-6.202675,106.8238211
-6.2021254,106.8235214
-6.2055891,106.8178386
-6.2057176,106.8178619
-6.2059685,106.8180302
-6.197597,106.8271943
-6.2035773,106.8204241
-6.2024671,106.8255018
-6.2031303,106.8213715
-6.1990281,106.8226004
-6.2042663,106.8219107
-6.199984,106.8224929
-6.2038743,106.821676
-6.2024052,106.823459
-6.2036939,106.8237304
-6.2059685,106.8180302
-6.2023592,106.8233615
-6.2034727,106.8201413
-6.201711,106.821641
-6.2024046,106.8234553
-6.2023592,106.8233615
-6.2023592,106.8233615
-6.205701,106.822243
-6.2015921,106.8221243
-6.2059783,106.8214612
-6.2018236,106.829378
-6.1990281,106.8226004
-6.2036807,106.8199939
-6.2015254,106.8216462
-6.2039323,106.8249359
-6.2014135,106.8221531
-6.1983702,106.82311
-6.1975567,106.8247514
-6.1990281,106.8226004
-6.2038066,106.8202132
-6.197952,106.8178441
-6.198275,106.828273
-6.2024927,106.8238758
-6.1975213,106.824613
-6.2010491,106.8265033
-6.2059744,106.8214578
-6.2036939,106.8237304
-6.202935,106.818513
-6.197734,106.8238727
-6.2053738,106.8214668
-6.1990281,106.8226004
-6.2024046,106.8234553
-6.2036177,106.8199581
-6.2028064,106.8228156
-6.2059685,106.8180302
-6.197388,106.8252755
-6.196745,106.8288025
-6.1990281,106.8226004
-6.2024052,106.823459
-6.2054385,106.8214417
-6.197653,106.8222902
-6.200681,106.8237604
-6.2059685,106.8180302
-6.2058825,106.817885
-6.202935,106.818513
-6.2038393,106.8205089
-6.2038066,106.8202132
-6.2036939,106.8237304
-6.2038393,106.8205089
-6.2023592,106.8233615
-6.2020428,106.8254428
-6.2023592,106.8233615
-6.2036939,106.8237304
-6.2058931,106.8282962
-6.203694,106.8237302
-6.2043019,106.8234607
-6.2060465,106.8194095
-6.2014135,106.8221531
-6.2025077,106.8245671
-6.1990281,106.8226004
-6.1976616,106.8193609
-6.2015394,106.8240421
-6.2011975,106.8205155
-6.202935,106.818513
-6.2024046,106.8234553
-6.2059783,106.8214612
-6.2018236,106.829378
-6.2040474,106.8239218
-6.1968834,106.8253255
-6.198417,106.8226852
-6.1973981,106.8241301
-6.2023913,106.8234654
-6.2063489,106.8190773
-6.2060762,106.8216633
-6.2027134,106.8294551
-6.202935,106.818513
-6.2035723,106.8287155
-6.197212,106.8271209
-6.2058825,106.817885
-6.2058825,106.817885
-6.2023091,106.824613
-6.2064438,106.8249818
-6.2024046,106.8234553
-6.203893,106.821676
-6.1991359,106.8235623
-6.200681,106.8237604
-6.2014135,106.8221531
-6.2059685,106.8180302
-6.2058825,106.817885
-6.2002614,106.8258699
-6.1979429,106.8285957
-6.2014135,106.8221531
-6.2033207,106.8229537
-6.2041144,106.8233783
-6.1998432,106.8236142
-6.2058825,106.817885
-6.2038628,106.8245133
-6.1990281,106.8226004
-6.2013635,106.8213803
-6.2057882,106.8182683
-6.2051862,106.8229567
-6.1990281,106.8226004
-6.2033503,106.8201934
-6.2023592,106.8233615
-6.2026575,106.829254
-6.2059685,106.8180302
-6.2043119,106.821724
-6.2036958,106.8236913
-6.205936,106.826317
-6.2024046,106.8234553
-6.203694,106.8237302
-6.200193,106.8192221
-6.2024047,106.8234553
-6.1994616,106.8290568
-6.2024046,106.8234553
-6.2042106,106.8225849
-6.1993366,106.8202679
-6.2024046,106.8234553
-6.2024046,106.8234553
-6.2022714,106.8233225
-6.2024046,106.8234553
-6.2018884,106.8235894
-6.2016988,106.8295225
-6.2009818,106.8210806
-6.2013048,106.8235992
-6.2059783,106.8214612
-6.2004648,106.8259655
-6.202935,106.818513
-6.2059685,106.8180302
-6.1986864,106.8290324
-6.2020664,106.8290082
-6.197731,106.8288059
-6.2014135,106.8221531
-6.2031724,106.8243394
-6.202367,106.8255522
-6.2059685,106.8180302
-6.2036958,106.8236913
-6.2014408,106.8234583
-6.1992289,106.8236715
-6.1990281,106.8226004
-6.1973044,106.8236961
-6.2014135,106.8221531
-6.2059685,106.8180302
-6.2024046,106.8234553
-6.2029327,106.818513
-6.2002543,106.8226657
-6.2034334,106.8201513
-6.1990281,106.8226004
-6.1983702,106.82311
-6.2005755,106.8214789
-6.202935,106.818513
-6.2033414,106.8213809
-6.2015861,106.8223083
-6.2024046,106.8234553
-6.2059685,106.8180302
-6.2013031,106.8250819
-6.2052339,106.8229537
-6.1991132,106.8236692
-6.2046816,106.8217833
-6.203893,106.821676
-6.2022006,106.8192584
-6.1990283,106.8226004
-6.1990281,106.8226004
-6.1986616,106.8226178
-6.2036939,106.8237304
-6.1990281,106.8226004
-6.202935,106.818513
-6.1990281,106.8226004
-6.2023591,106.8233614
-6.2060762,106.8216633
-6.2016001,106.8243368
-6.2022717,106.8233232
-6.19772,106.8255
-6.202867,106.8227868
-6.1974287,106.8286233
-6.198417,106.8226852
-6.2024046,106.8234553
-6.1979683,106.8285179
-6.1986864,106.8290324
-6.2038393,106.8205089
-6.2018884,106.8235894
-6.2023684,106.8233608
-6.2038393,106.8205089
-6.2057735,106.8223536
-6.199883,106.827403
-6.202763,106.826138
-6.202935,106.818513
-6.2036659,106.8201437
-6.202425,106.8236533
-6.1996476,106.8275413
-6.1975567,106.8247514
-6.197734,106.8238727
-6.2059685,106.8180302
-6.2059685,106.8180302
-6.2008649,106.8244567
-6.1975247,106.8247528
-6.2006622,106.823507
-6.2019794,106.8249087
-6.2023214,106.8239324
-6.1968797,106.8253276
-6.200125,106.822192
-6.2005018,106.8225098
-6.2024046,106.8234553
-6.2023511,106.8233225
-6.2018728,106.822078
-6.2024046,106.8234553
-6.197952,106.8178441
-6.1997465,106.8230406
-6.203893,106.821676
-6.2047229,106.8203265
-6.1975829,106.8282632
-6.2057619,106.8179132
-6.202224,106.823911
-6.1991359,106.8235623
-6.2023592,106.8233615
-6.1984384,106.8229057
-6.2030947,106.8274659
-6.2018884,106.8235894
-6.200681,106.8237604
-6.2005528,106.8223791
-6.199214,106.822054
-6.2024046,106.8234553
-6.1992289,106.8236715
-6.1970558,106.8197875
-6.1990209,106.8226275
-6.2008798,106.8219399
-6.198417,106.8226852
-6.2038393,106.8205089
-6.2009709,106.8217285
-6.2052649,106.8193059
-6.1989316,106.8229537
-6.1991132,106.8236692
-6.1976616,106.8193609
-6.2059744,106.8214578
-6.203694,106.8237302
-6.1991559,106.8220854
-6.2038393,106.8205089
-6.2023592,106.8233615
-6.2005585,106.819543
-6.2058087,106.8187149
-6.1996476,106.8275413
-6.2024046,106.8234553
-6.2053063,106.8214896
-6.2055888,106.8185099
-6.2036933,106.8236914
-6.2024046,106.8234553
-6.2043189,106.8235371
-6.2045236,106.8232332
-6.2037197,106.8229537
-6.2024046,106.8234553
-6.1973743,106.8210115
-6.2024046,106.8234553
-6.2024046,106.8234553
-6.2021334,106.823369
-6.2013031,106.8250819
-6.2060465,106.8194095
-6.1990042,106.8223724
-6.2035773,106.8204241
-6.197125,106.8194672
-6.2024047,106.8234553
-6.1976616,106.8193609
-6.2024046,106.8234553
-6.203825,106.8248279
-6.1987693,106.8230459
-6.200681,106.8237604
-6.202935,106.818513
-6.2013031,106.8250819
-6.2014135,106.8221531
-6.2024046,106.8234553
-6.2059685,106.8180302
-6.2024046,106.8234553
-6.2014888,106.8233869
-6.1976136,106.8256577
-6.2023807,106.8236451
-6.2014135,106.8221531
-6.1990283,106.8226004
-6.2024046,106.8234553
-6.2017924,106.8233225
-6.1979113,106.8248896
-6.2023551,106.8237467
-6.201465,106.8240551
-6.2059685,106.8180302
-6.202935,106.818513
-6.2019991,106.8233393
-6.1989973,106.8220847
-6.2017104,106.8241912
-6.2023592,106.8233615
-6.199156,106.8220854
-6.197943,106.8285958
-6.20251,106.8246533
-6.2021191,106.8233225
-6.2033414,106.8213809
-6.1978031,106.8288144
-6.1975507,106.8249359
-6.2022714,106.8233225
-6.2043772,106.8226336
-6.1975247,106.8247528
-6.2036958,106.8236913
-6.1976616,106.8193609
-6.2038066,106.8202132
-6.1983702,106.82311
-6.1996476,106.8275413
-6.2018754,106.8232303
-6.2023913,106.8234654
-6.1990281,106.8226004
-6.197448,106.8243368
-6.1975245,106.8247529
-6.202763,106.826138
-6.2026827,106.8242529
-6.2064281,106.8191339
-6.1976616,106.8193609
-6.2038628,106.8245133
-6.2063188,106.8271883
-6.2009311,106.823392
-6.1990042,106.8223724
-6.2019221,106.8242446
-6.2024046,106.8234553
-6.2024047,106.8234553
-6.2024051,106.823459
-6.203893,106.821676
-6.2024046,106.8234553
-6.2024046,106.8234553
-6.2003808,106.8200962
-6.2059747,106.8214579
-6.2011975,106.8205155
-6.203425,106.8221243
-6.2023592,106.8233615
-6.2058089,106.8276982
-6.2066785,106.8191351
-6.1969637,106.8228944
-6.2059685,106.8180302
-6.2024046,106.8234553
-6.2024047,106.8234553
-6.2024047,106.8234553
-6.20359,106.823236
-6.2023592,106.8233615
-6.2017924,106.8233225
-6.198417,106.8226852
-6.2061567,106.8219983
-6.203825,106.8248279
-6.202935,106.818513
-6.2024046,106.8234553
-6.2038983,106.8199118
-6.20405,106.8248541
-6.1986859,106.829032
-6.2038393,106.8205089
-6.20135,106.8242049
-6.2059685,106.8180302
-6.200125,106.822192
-6.203173,106.8225849
-6.2015121,106.8221243
-6.202935,106.818513
-6.1986163,106.8291936
-6.1968944,106.828869
-6.1990281,106.8226004
-6.197526,106.8242811
-6.2060942,106.8211101
-6.2023592,106.8233615
-6.198417,106.8226852
-6.202935,106.818513
-6.1986864,106.8290324
-6.2038156,106.820004
-6.2070174,106.8258115
-6.197519,106.824613
-6.2012635,106.8236451
-6.2010203,106.8234155
-6.2068994,106.8291802
-6.2014135,106.8221531
-6.2063865,106.8184205
-6.1990281,106.8226004
-6.1985123,106.8291342
-6.2025341,106.8238295
-6.1971767,106.8251143
-6.2062108,106.8194444
-6.1975567,106.8247514
-6.2059685,106.8180302
-6.1995799,106.821096
-6.2036958,106.8236913
-6.2059685,106.8180302
-6.202935,106.818513
-6.2023592,106.8233615
-6.1983702,106.82311
-6.2033746,106.8212945
-6.2038393,106.8205089
-6.2022007,106.8192583
-6.2023511,106.8233226
-6.2015458,106.8263716
-6.2051539,106.8180295
-6.2054365,106.8214192
-6.2036958,106.8236913
-6.202367,106.8255522
-6.2041836,106.8234148
-6.2033414,106.8213809
-6.2023592,106.8233615
-6.1990703,106.8235991
-6.2036796,106.8201061
-6.2019901,106.8253004
-6.2059685,106.8180302
-6.202935,106.818513
-6.1994349,106.8283467
-6.1990281,106.8226004
-6.205701,106.822243
-6.2043029,106.8221243
-6.2023592,106.8233615
-6.1990281,106.8226004
-6.2018368,106.8231841
-6.205701,106.822243
-6.2023592,106.8233615
-6.202935,106.818513
-6.2023592,106.8233615
-6.2018441,106.8245171
-6.2037282,106.8204636
-6.2059685,106.8180302
-6.1996136,106.8202159
-6.1990281,106.8226004
-6.2038537,106.824577
-6.202935,106.818513
-6.2022006,106.8192584
-6.2018838,106.8235894
-6.2023592,106.8233615
-6.1990281,106.8226004
-6.2036751,106.8237143
-6.2019551,106.8232304
-6.2025086,106.8225725
-6.1975567,106.8247514
-6.2014408,106.8234583
-6.2023684,106.8233608
-6.1990281,106.8226004
-6.2023591,106.8233614
-6.2059685,106.8180302
-6.1990281,106.8226004
-6.2070308,106.8244035
-6.202935,106.818513
-6.2037796,106.8211101
-6.2013031,106.8250819
-6.2024046,106.8234553
-6.2023592,106.8233615
-6.2053063,106.8214896
-6.1990703,106.8235991
-6.19888,106.8290973
-6.2035773,106.8204241
-6.2036879,106.8234587
-6.2025314,106.8249024
-6.1994872,106.8273365
-6.1975567,106.8247514
-6.2005885,106.8261658
-6.2023592,106.8233615
-6.2022111,106.8257499
-6.2036958,106.8236913
-6.2016037,106.8249963
-6.2036958,106.8236913
-6.2023592,106.8233615
-6.2038316,106.820408
-6.1996476,106.8275413
-6.2023854,106.8223104
-6.2036958,106.8236913
-6.1975567,106.8247515
-6.1977277,106.8286585
-6.2010203,106.8234155
-6.2021914,106.8233225
-6.2022517,106.8234201
-6.2025287,106.8227695
-6.2036958,106.8236913
-6.2011975,106.8205155
-6.197882,106.828146
-6.2053889,106.827312
-6.2059685,106.8180302
-6.2059685,106.8180302
-6.1990427,106.8226081
-6.1990281,106.8226004
-6.2037296,106.8201884
-6.2051452,106.8266978
-6.2029257,106.8263766
-6.2036659,106.8201437
-6.1990703,106.8235992
-6.2023684,106.8233608
-6.2023592,106.8233615
-6.2023592,106.8233615
-6.1990703,106.8235991
-6.1985019,106.8240524
-6.2010203,106.8234155
-6.2023684,106.8233608
-6.1978806,106.8227806
-6.2059744,106.8214578
-6.1990281,106.8226004
-6.2023592,106.8233615
-6.1990281,106.8226004
-6.202935,106.818513
-6.2023592,106.8233615
-6.2023684,106.8233608
-6.1993366,106.8202679
-6.2018884,106.8235894
-6.1986864,106.8290324
-6.1990281,106.8226004
-6.2036958,106.8236913
-6.2023591,106.8233614
-6.2036958,106.8236913
-6.2059685,106.8180302
-6.199732,106.822703
-6.2036093,106.8201425
-6.202935,106.818513
-6.1988639,106.8225849
-6.2059685,106.8180302
-6.2044443,106.8218155
-6.2024052,106.823459
-6.2036939,106.8237304
-6.199004,106.82237
-6.2035733,106.8208301
-6.2038056,106.8237732
-6.2038836,106.821676
-6.2027544,106.8211758
-6.1969317,106.8224153
-6.2023927,106.823335
-6.2015531,106.8233225
-6.203872,106.8194944
-6.1990283,106.8226004
-6.2058085,106.8187148
-6.1996476,106.8275413
-6.203694,106.8237302
-6.2038393,106.8205089
-6.199984,106.8224929
-6.1986864,106.8290324
-6.2024046,106.8234553
-6.2033503,106.8201934
-6.2038393,106.8205089
-6.2051858,106.8229587
-6.1990236,106.8225849
-6.2024046,106.8234553
-6.1986569,106.8226178
-6.2036403,106.8237302
-6.2061403,106.8222845
-6.2045243,106.8238717
-6.2036939,106.8237304
-6.2024046,106.8234553
-6.2012303,106.8255453
-6.2059685,106.8180302
-6.2024309,106.8233226
-6.2070174,106.8258115
-6.2024046,106.8234553
-6.2036939,106.8237304
-6.2033367,106.820004
-6.2014621,106.8235992
-6.2053738,106.8214668
-6.1999182,106.8245212
-6.1990281,106.8226004
-6.1981875,106.8289436
-6.1975247,106.8247528
-6.2023671,106.8255521
-6.1998035,106.8231381
-6.1986616,106.8226178
-6.2018884,106.8235894
-6.2041336,106.8234158
-6.2051859,106.8229588
-6.1990281,106.8226004
-6.1976616,106.8193609
-6.1968957,106.8293874
-6.198275,106.828273
-6.2038393,106.8205089
-6.200681,106.8237604
-6.203837,106.8205089
-6.2054081,106.8213406
-6.2018884,106.8235894
-6.1990281,106.8226004
-6.2060198,106.821366
-6.2019991,106.8233393
-6.2019901,106.8253004
-6.2036939,106.8237304
-6.2009595,106.8293146
-6.2051858,106.8229587
-6.2036958,106.8236913
-6.2010201,106.8234154
-6.202935,106.818513
-6.1989972,106.8220848
-6.2035253,106.822829
-6.204319,106.823537
-6.2024046,106.8234553
-6.2023671,106.8255521
-6.2038393,106.8205089
-6.202935,106.818513
-6.2024046,106.8234553
-6.2019894,106.8233018
-6.2024046,106.8234553
-6.2068958,106.8253215
-6.1975245,106.8247529
-6.2024052,106.823459
-6.203881,106.8234097
-6.2038393,106.8205089
-6.200681,106.8237604
-6.2018884,106.8235894
-6.2035773,106.8204241
-6.2022237,106.8241758
-6.1990283,106.8226004
-6.2059685,106.8180302
-6.202935,106.818513
-6.1991662,106.8291496
-6.2024046,106.8234553
-6.199004,106.82237
-6.2024191,106.8236914
-6.2039826,106.8234607
-6.1993598,106.8277994
-6.2010203,106.8234155
-6.204114,106.8233547
-6.1990281,106.8226004
-6.2038626,106.8245135
-6.1990281,106.8226004
-6.202935,106.818513
-6.197946,106.8286692
-6.1989466,106.8224927
-6.1976207,106.8241929
-6.2023592,106.8233615
-6.203672,106.824429
-6.2024046,106.8234553
-6.2036957,106.8236914
-6.2038393,106.8205089
-6.2059685,106.8180302
-6.1975245,106.8247529
-6.1991079,106.8240709
-6.1975567,106.8247514
-6.197001,106.8246593
-6.203893,106.821676
-6.2023592,106.8233615
-6.2023592,106.8233615
-6.202911,106.8203688
-6.1991776,106.827424
-6.2047249,106.8222386
-6.2059685,106.8180302
-6.202935,106.818513
-6.2059685,106.8180302
-6.2024046,106.8234553
-6.1988583,106.8283939
-6.1979326,106.8294742
-6.200681,106.8237604
-6.1991832,106.8225849
-6.2034077,106.8202806
-6.2059485,106.8185016
-6.2059685,106.8180302
-6.2049049,106.8233225
-6.2059685,106.8180302
-6.202935,106.818513
-6.2036958,106.8236913
-6.1979683,106.8285179
-6.2038393,106.8205089
-6.1979686,106.8285668
-6.202935,106.818513
-6.1983033,106.8210661
-6.2068724,106.8253966
-6.2023592,106.8233615
-6.2068334,106.8209904
-6.2050238,106.8180042
-6.2022714,106.8233225
-6.2043943,106.8270116
-6.2059685,106.8180302
-6.2036958,106.8236913
-6.2019901,106.8253004
-6.1996476,106.8275413
-6.2020378,106.8231381
-6.2024052,106.823459
-6.2053738,106.8214668
-6.2014135,106.8221531
-6.201711,106.821641
-6.2029327,106.818513
-6.2023592,106.8233615
-6.2038393,106.8205089
-6.2023684,106.8233608
-6.2058085,106.8187148
-6.2024046,106.8234553
-6.2014135,106.8221531
-6.203694,106.8237302
-6.2024046,106.8234553
-6.2053738,106.8214668
-6.2008798,106.8219399
-6.2038716,106.8201897
-6.2059742,106.8180451
-6.1990281,106.8226004
-6.2024046,106.8234553
-6.1991132,106.8236692
-6.1972317,106.8288449
-6.202935,106.818513
-6.2064028,106.8194719
-6.2044259,106.8233225
-6.205701,106.822243
-6.1986523,106.8226178
-6.1979683,106.8285179
-6.1975245,106.8247529
-6.2024046,106.8234553
-6.2024024,106.8234553
-6.1986616,106.8226178
-6.2000342,106.8222302
-6.2064071,106.8270019
-6.1986616,106.8226178
-6.2059783,106.8214612
-6.2058602,106.8179833
-6.2024046,106.8234553
-6.2023684,106.8233608
-6.2059685,106.8180302
-6.2002864,106.8201026
-6.2036939,106.8237304
-6.1990281,106.8226004
-6.2024046,106.8234553
-6.199883,106.827403
-6.2025007,106.8260882
-6.2033503,106.8201934
-6.2059685,106.8180302
-6.2019588,106.8207255
-6.1975247,106.8247528
-6.1975245,106.8247529
-6.1975245,106.8247529
-6.2024047,106.8234553
-6.1990281,106.8226004
-6.202935,106.818513
-6.2028657,106.8246606
-6.2038393,106.8205089
-6.1975247,106.8247528
-6.1990281,106.8226004
-6.205701,106.822243
-6.1990281,106.8226004
-6.2024047,106.8234553
-6.2004935,106.8192351
-6.198417,106.8226852
-6.2053715,106.8214668
-6.2021321,106.8239217
-6.1991359,106.8235623
-6.2060348,106.8217095
-6.203666,106.8201438
-6.2034443,106.8240602
-6.197961,106.8282082
-6.2038393,106.8205089
-6.2059783,106.8214612
-6.2059932,106.8217555
-6.2024046,106.8234553
-6.197896,106.828713
-6.2024046,106.8234553
-6.2014135,106.8221531
-6.2024309,106.8233226
-6.1975247,106.8247528
-6.1975247,106.8247528
-6.2024051,106.823459
-6.1990281,106.8226004
-6.2024046,106.8234553
-6.197943,106.828431
-6.2035,106.8203269
-6.1979633,106.8282082
-6.1990042,106.8223724
-6.2038393,106.8205089
-6.2031233,106.8186404
-6.2037283,106.8239217
-6.2024046,106.8234553
-6.1990281,106.8226004
-6.2010203,106.8234155
-6.1967954,106.8282692
-6.1991862,106.8224927
-6.2011865,106.8235529
-6.2024634,106.8230063
-6.202935,106.818513
-6.2058085,106.8187148
-6.1986616,106.8226178
-6.1991416,106.8226312
-6.2059783,106.8214612
-6.204319,106.823537
-6.2024047,106.8234553
-6.2038393,106.8205089
-6.2023913,106.8234654
-6.2031303,106.8213715
-6.2033723,106.8213132
-6.2042823,106.8226976
-6.2000032,106.8223274
-6.2053738,106.8214668
-6.203694,106.8237302
-6.2039333,106.8212945
-6.2024046,106.8234553
-6.1986859,106.829032
-6.203694,106.8237302
-6.2059783,106.8214612
-6.2035773,106.8204241
-6.202935,106.818513
-6.2012845,106.8268044
-6.1989796,106.8220371
-6.1996476,106.8275413
-6.1986293,106.8231972
-6.1979429,106.8285957
-6.2059685,106.8180302
-6.2059952,106.8288838
-6.1968598,106.8279345
-6.1989043,106.8270341
-6.2038393,106.8205089
-6.20363,106.8189633
-6.2058318,106.8198192
-6.1990281,106.8226004
-6.1990281,106.8226004
-6.2058825,106.817885
-6.2024046,106.8234553
-6.2002615,106.82587
-6.1990281,106.8226004
-6.1991132,106.8236692
-6.2024046,106.8234553
-6.2024046,106.8234553
-6.203694,106.8237302
-6.2024046,106.8234553
-6.202367,106.8255522
-6.2031257,106.8228156
-6.199156,106.8220854
-6.204319,106.823537
-6.202496,106.823737
-6.2024046,106.8234553
-6.202935,106.818513
-6.203714,106.8202236
-6.1990281,106.8226004
-6.203694,106.8237302
-6.2017104,106.8241912
-6.2013031,106.8250819
-6.2053738,106.8214668
-6.1975245,106.8247529
-6.2011931,106.8221243
-6.2024046,106.8234553
-6.2024717,106.8245212
-6.2015321,106.823968
-6.200125,106.822192
-6.202645,106.818843
-6.203694,106.8237302
-6.2058825,106.817885
-6.2024024,106.8234553
-6.2059685,106.8180302
-6.2013031,106.8250819
-6.2024046,106.8234553
-6.2011745,106.8239217
-6.2056592,106.8222165
-6.2020051,106.8241524
-6.2024927,106.8238758
-6.2059278,106.8180728
-6.1996902,106.8232941
-6.201711,106.821641
-6.2013885,106.8210179
-6.1986859,106.829032
-6.1986863,106.8290323
-6.2024046,106.8234553
-6.1975247,106.8247528
-6.2024814,106.8256108
-6.1990039,106.82237
-6.202721,106.8228552
-6.2058825,106.817885
-6.2059685,106.8180302
-6.2058825,106.817885
-6.2024046,106.8234553
-6.1998318,106.8264404
-6.205701,106.822243
-6.2022821,106.8233732
-6.2059685,106.8180302
-6.204045,106.8222057
-6.2024046,106.8234553
-6.200795,106.8235743
-6.1991416,106.8226312
-6.1990036,106.8223697
-6.2012892,106.8250236
-6.2026697,106.8245671
-6.20266,106.8188
-6.2059685,106.8180302
-6.2019651,106.8291419
-6.1975247,106.8247528
-6.2037203,106.8242308
-6.1990281,106.8226004
-6.2025007,106.8274217
-6.2036372,106.8196634
-6.2038393,106.8205089
-6.2011611,106.8259803
-6.2019831,106.8249564
-6.2018884,106.8235894
-6.2059685,106.8180302
-6.1967359,106.8286325
-6.197896,106.828713
-6.2011848,106.8235398
-6.202935,106.818513
-6.2059685,106.8180302
-6.1990281,106.8226004
-6.1986859,106.829032
-6.199883,106.827403
-6.2034079,106.8212829
-6.1990281,106.8226004
-6.2053739,106.8214668
-6.1990281,106.8226004
-6.2024046,106.8234553
-6.2037583,106.8237393
-6.2035773,106.8204241
-6.2059685,106.8180302
-6.1975245,106.8247529
-6.2024046,106.8234553
-6.2024046,106.8234553
-6.204319,106.823537
-6.1975567,106.8247514
-6.2005018,106.8225098
-6.2015458,106.8263716
-6.200125,106.822192
-6.1975245,106.8247529
-6.2014135,106.8221531
-6.2024046,106.8234553
-6.202726,106.825531
-6.1990281,106.8226004
-6.2024046,106.8234553
-6.1990281,106.8226004
-6.2023592,106.8233615
-6.202935,106.818513
-6.1991647,106.822302
-6.2016551,106.8235039
-6.1975567,106.8247515
-6.1990042,106.8223724
-6.203694,106.8237302
-6.2018884,106.8235894
-6.202653,106.8245387
-6.2036958,106.8236913
-6.2024047,106.8234553
-6.200125,106.822192
-6.2023592,106.8233615
-6.2009247,106.8270692
-6.2011975,106.8205155
-6.2023591,106.8233614
-6.1975567,106.8247514
-6.2034817,106.8217535
-6.2051858,106.8229587
-6.2025749,106.8245725
-6.2023591,106.8233614
-6.204036,106.822137
-6.2023592,106.8233615
-6.2023592,106.8233615
-6.2022684,106.8234148
-6.1990281,106.8226004
-6.2059685,106.8180302
-6.2059685,106.8180302
-6.2005812,106.82359
-6.2048409,106.8187437
-6.202224,106.823911
-6.2022714,106.8233225
-6.2011975,106.8205156
-6.202935,106.818513
-6.2023591,106.8233614
-6.1978723,106.8260882
-6.2059685,106.8180302
-6.2059705,106.8212334
-6.2015001,106.82392
-6.1990281,106.8226004
-6.2036958,106.8236913
-6.2059685,106.8180302
-6.2023592,106.8233615
-6.2059744,106.8214578
-6.2036939,106.8237304
-6.2036958,106.8236913
-6.2001379,106.8190793
-6.2050506,106.8229024
-6.2012892,106.8250236
-6.2059685,106.8180302
-6.202935,106.818513
-6.197555,106.824558
-6.1990281,106.8226004
-6.2038393,106.8205089
-6.196745,106.8288026
-6.2024047,106.8234553
-6.2008252,106.8248434
-6.198275,106.828273
-6.2052099,106.823
-6.2038196,106.8200248
-6.205701,106.822243
-6.2039636,106.8224471
-6.2024046,106.8234553
-6.2035185,106.8203255
-6.2059685,106.8180302
-6.2059685,106.8180302
-6.2060198,106.821366
-6.2023913,106.8234654
-6.2059685,106.8180302
-6.1991359,106.8235623
-6.205701,106.822243
-6.1986616,106.8226178
-6.1986616,106.8226178
-6.2024046,106.8234553
-6.196828,106.8287614
-6.1977233,106.822078
-6.2024047,106.8234553
-6.2025101,106.8260919
-6.1975603,106.8245671
-6.2059685,106.8180302
-6.2059685,106.8180302
-6.19772,106.8255
-6.2056299,106.8179259
-6.2036939,106.8237304
-6.2056172,106.8225199
-6.1987754,106.8200025
-6.2015098,106.828112
-6.200125,106.822192
-6.1975245,106.8247529
-6.2023671,106.8255521
-6.2038393,106.8205089
-6.2024987,106.8236914
-6.2036939,106.8237304
-6.2035773,106.8204241
-6.2024046,106.8234553
-6.2025504,106.8239519
-6.19772,106.8254998
-6.2013755,106.8238758
-6.1971,106.8289917
-6.1975213,106.824613
-6.1990281,106.8226004
-6.1991647,106.822302
-6.2064178,106.8251599
-6.203694,106.8237302
-6.2024051,106.823459
-6.20364,106.8229537
-6.2005312,106.8216173
-6.1977233,106.822078
-6.2037786,106.8202132
-6.2024046,106.8234553
-6.2058088,106.8187148
-6.2070318,106.8192664
-6.1990039,106.82237
-6.2059783,106.8214612
-6.2059685,106.8180302
-6.2062294,106.8276897
-6.204161,106.8213059
-6.2059685,106.8180302
-6.2003462,106.8194136
-6.2018884,106.8235894
-6.2033413,106.821381
-6.2050486,106.8188979
-6.202889,106.8262726
-6.2013031,106.8250819
-6.1990281,106.8226004
-6.2048192,106.823507
-6.2024046,106.8234553
-6.2038066,106.8202132
-6.2024046,106.8234553
-6.2024046,106.8234553
-6.2049149,106.8225018
-6.2038716,106.8201897
-6.2053715,106.8214668
-6.2042965,106.8233546
-6.2068508,106.8243847
-6.197848,106.8226627
-6.2014828,106.8239944
-6.1991132,106.8236692
-6.2051942,106.8180218
-6.206021,106.817959
-6.2014135,106.8221531
-6.1979429,106.8285957
-6.2034999,106.8203267
-6.203997,106.8242446
-6.198417,106.8226852
-6.2058825,106.817885
-6.1974353,106.8228515
-6.19958,106.821096
-6.2039826,106.8234607
-6.1986864,106.8290324
-6.2034999,106.8203267
-6.2022041,106.8217092
-6.205131,106.821772
-6.1990042,106.8223724
-6.2038393,106.8205089
-6.2024046,106.8234553
-6.1999022,106.8274709
-6.1979429,106.8285957
-6.2008308,106.8218772
-6.202895,106.818632
-6.202935,106.818513
-6.2036939,106.8237304
-6.1983702,106.82311
-6.2008309,106.8218771
-6.1990281,106.8226004
-6.2024046,106.8234553
-6.2065068,106.8241324
-6.2009141,106.8245671
-6.1975245,106.8247529
-6.2024046,106.8234553
-6.2013031,106.8250819
-6.200681,106.8237604
-6.1993366,106.8202679
-6.2036659,106.8201437
-6.2018884,106.8235894
-6.2024046,106.8234553
-6.1975245,106.8247529
-6.2065245,106.8252544
-6.1975245,106.8247529
-6.2024221,106.8235992
-6.1991062,106.8236692
-6.2040473,106.8239217
-6.2059685,106.8180302
-6.200193,106.8192221
-6.2004685,106.8223737
-6.2016298,106.8234148
-6.1972297,106.8294125
-6.2024046,106.8234553
-6.2038066,106.8202132
-6.2036803,106.8253966
-6.2008505,106.8257412
-6.2024046,106.8234553
-6.2038236,106.8234583
-6.2024611,106.8235529
-6.1998318,106.8264404
-6.2022521,106.8233775
-6.1984146,106.8226852
-6.2059685,106.8180302
-6.1994136,106.8228615
-6.2024046,106.8234553
-6.2065245,106.8252544
-6.1989226,106.8232303
-6.1990281,106.8226004
-6.196758,106.8283926
-6.2024046,106.8234553
-6.2026354,106.8244632
-6.2024046,106.8234553
-6.2024046,106.8234553
-6.20521,106.823
-6.1972907,106.8288134
-6.2051859,106.8229588
-6.19701,106.8279319
-6.202935,106.818513
-6.1986863,106.8290323
-6.2034807,106.8217092
-6.1975245,106.8247529
-6.198417,106.8226852
-6.2009118,106.8234148
-6.205085,106.827576
-6.1975247,106.8247528
-6.2044913,106.822539
-6.2002615,106.82587
-6.2020664,106.8290082
-6.1986859,106.829032
-6.1991417,106.8226312
-6.203683,106.8236461
-6.2014135,106.8221531
-6.1990281,106.8226004
-6.2010203,106.8234155
-6.2038743,106.821676
-6.20445,106.8225851
-6.2005018,106.8225098
-6.1990283,106.8226004
-6.2035,106.8203269
-6.2024051,106.823459
-6.2005646,106.8207521
-6.2024251,106.823507
-6.2003579,106.827413
-6.2001999,106.8219858
-6.2023451,106.823507
-6.1975245,106.8247529
-6.2024046,106.8234553
-6.202935,106.818513
-6.2059744,106.8214578
-6.2026404,106.8242446
-6.2038393,106.8205089
-6.2024046,106.8234553
-6.1971753,106.8238189
-6.2059783,106.8214612
-6.1990281,106.8226004
-6.2025014,106.825996
-6.1975247,106.8247528
-6.2024046,106.8234553
-6.1991362,106.8235043
-6.2024046,106.8234553
-6.1991359,106.8235623
-6.1995838,106.8218821
-6.1991776,106.827424
-6.2038393,106.8205089
-6.2058825,106.817885
-6.2011311,106.8290085
-6.2059685,106.8180302
-6.2024046,106.8234553
-6.1985716,106.8291302
-6.2024046,106.8234553
-6.2023592,106.8233615
-6.202935,106.818513
-6.202935,106.818513
-6.2059685,106.8180302
-6.2038393,106.8205089
-6.2034513,106.8213867
-6.1983702,106.82311
-6.2020428,106.8254428
-6.202935,106.818513
-6.1990281,106.8226004
-6.2059685,106.8180302
-6.202935,106.818513
-6.2023592,106.8233615
-6.197555,106.824558
-6.2038393,106.8205089
-6.2024046,106.8234553
-6.2058825,106.817885
-6.2022634,106.8265459
-6.2039553,106.8213934
-6.2059685,106.8180302
-6.1990281,106.8226004
-6.2018884,106.8235894
-6.1990906,106.8234352
-6.2001655,106.8193586
-6.2035483,106.8199872
-6.203825,106.8248279
-6.2054249,106.8271759
-6.1990281,106.8226004
-6.2039826,106.8234607
-6.1990283,106.8226004
-6.2058262,106.8263632
-6.2051858,106.8229587
-6.2057975,106.8263508
-6.2024046,106.8234553
-6.2072474,106.8180644
-6.205701,106.822243
-6.2024046,106.8234553
-6.2025781,106.8261439
-6.2051858,106.8229587
-6.2047116,106.8221669
-6.1990281,106.8226004
-6.202459,106.8245368
-6.1990006,106.8239649
-6.1986859,106.829032
-6.1979483,106.8286692
-6.1986859,106.829032
-6.2053039,106.8214896
-6.2035773,106.8204241
-6.2063205,106.8260172
-6.2002614,106.8258699
-6.197543,106.8245762
-6.2010203,106.8234155
-6.1991132,106.8236692
-6.2023117,106.8233755
-6.2066805,106.8251662
-6.202935,106.818513
-6.2024997,106.8245393
-6.2023592,106.8233615
-6.2025857,106.8247981
-6.2023592,106.8233615
-6.2059685,106.8180302
-6.2038628,106.8245133
-6.203503,106.8205629
-6.2059783,106.8214612
-6.2024046,106.8234553
-6.199984,106.8224929
-6.1987966,106.8233584
-6.1973777,106.8228156
-6.2064988,106.8275041
-6.1996476,106.8275413
-6.2036958,106.8236913
-6.2012225,106.8224468
-6.2059782,106.8214611
-6.2059685,106.8180302
-6.1969907,106.82415
-6.198417,106.8226852
-6.2024046,106.8234553
-6.2013468,106.8221186
-6.2058085,106.8187148
-6.2024051,106.823459
-6.2036939,106.8237304
-6.2024046,106.8234553
-6.1990281,106.8226004
-6.1992289,106.8236715
-6.1991417,106.8226312
-6.1986616,106.8226178
-6.2034817,106.8217535
-6.2023592,106.8233615
-6.2059685,106.8180302
-6.1986864,106.8290324
-6.1990281,106.8226004
-6.2024046,106.8234553
-6.204252,106.8249651
-6.202935,106.818513
-6.1990281,106.8226004
-6.2005755,106.8214789
-6.1975567,106.8247515
-6.202935,106.818513
-6.1972273,106.8246033
-6.2023414,106.824439
-6.19686,106.828866
-6.1973617,106.824613
-6.1991647,106.822302
-6.2059685,106.8180302
-6.2013148,106.8208335
-6.2023592,106.8233615
-6.2023592,106.8233615
-6.1986466,106.8231428
-6.2059744,106.8214578
-6.2029707,106.8189901
-6.2023651,106.8242436
-6.1988699,106.8224007
-6.2023592,106.8233615
-6.1990281,106.8226004
-6.2012158,106.8220775
-6.1986863,106.8290323
-6.2059685,106.8180302
-6.1999945,106.8205991
-6.1975363,106.8241524
-6.2042466,106.8218587
-6.2067475,106.824492
-6.2038628,106.8245133
-6.203694,106.8237302
-6.1991132,106.8236692
-6.1996476,106.8275413
-6.1993366,106.8202679
-6.2023592,106.8233615
-6.2036958,106.8236913
-6.2022714,106.8233225
-6.2014328,106.8282545
-6.202935,106.818513
-6.2039746,106.8206598
-6.2024046,106.8234553
-6.202935,106.818513
-6.2038816,106.8208421
-6.2033746,106.8212945
-6.2033747,106.8212945
-6.1996476,106.8275413
-6.2059685,106.8180302
-6.204319,106.823537
-6.2038066,106.8202132
-6.197977,106.8228615
-6.2036939,106.8237304
-6.1975245,106.8247529
-6.2024046,106.8234553
-6.1997319,106.822703
-6.2024046,106.8234553
-6.1968834,106.8253255
-6.2059685,106.8180302
-6.1990281,106.8226004
-6.202935,106.818513
-6.2024046,106.8234553
-6.1970644,106.8288536
-6.2024046,106.8234553
-6.2024047,106.8234553
-6.2024046,106.8234553
-6.2024046,106.8234553
-6.2004558,106.8201267
-6.2022714,106.8233225
-6.2006638,106.8235992
-6.2038393,106.8205089
-6.2024294,106.8236411
-6.203694,106.8237302
-6.2003838,106.820004
-6.2059579,106.8216172
-6.2024046,106.8234553
-6.19693,106.8226926
-6.1990281,106.8226004
-6.1975543,106.8247515
-6.2009801,106.8294014
-6.202935,106.818513
-6.2023592,106.8233615
-6.2019551,106.8232304
-6.2038537,106.824577
-6.2040474,106.8239218
-6.2024187,106.8238721
-6.1990281,106.8226004
-6.1968797,106.8253276
-6.2010203,106.8234155
-6.202935,106.818513
-6.2059685,106.8180302
-6.2038393,106.8205089
-6.200155,106.8260149
-6.1975567,106.8247514
-6.2012075,106.8286407
-6.1975247,106.8247528
-6.197204,106.8244296
-6.1979026,106.8287795
-6.2040693,106.822947
-6.1989286,106.8230459
-6.2023592,106.8233615
-6.2051862,106.8229567
-6.200681,106.8237604
-6.2057169,106.8219687
-6.1993366,106.8202679
-6.1986864,106.8290324
-6.200681,106.8237604
-6.2037856,106.8235924
-6.1998318,106.8264404
-6.2036958,106.8236913
-6.2010203,106.8234155
-6.2024046,106.8234553
-6.204179,106.8198659
-6.1991132,106.8236692
-6.2051539,106.8180295
-6.1990281,106.8226004
-6.1975245,106.8247529
-6.1991132,106.8236692
-6.2038626,106.8245135
-6.2009131,106.8243438
-6.2059121,106.8187219
-6.2025148,106.8246593
-6.2065245,106.8252544
-6.1968797,106.8253276
-6.196941,106.8222496
-6.2024046,106.8234553
-6.2034817,106.8217535
-6.1968308,106.8286867
-6.1971523,106.8296051
-6.2017104,106.8241912
-6.202935,106.818513
-6.2066628,106.8276981
-6.2059685,106.8180302
-6.1989806,106.8251508
-6.1991132,106.8236692
-6.1978106,106.825535
-6.2024046,106.8234553
-6.1993366,106.8202679
-6.2058388,106.8274545
-6.2010748,106.8199953
-6.2034342,106.8292687
-6.2024046,106.8234553
-6.2023592,106.8233615
-6.200795,106.8235743
-6.2023592,106.8233615
-6.2036958,106.8236913
-6.2059685,106.8180302
-6.2051858,106.8229587
-6.2059685,106.8180302
-6.2059685,106.8180302
-6.1975245,106.8247529
-6.1991062,106.8236692
-6.2023913,106.8234654
-6.2024046,106.8234553
-6.202935,106.818513
-6.1989437,106.8225851
-6.202425,106.8235069
-6.1990281,106.8226004
-6.1990213,106.8226004
-6.2018919,106.8233263
-6.1990281,106.8226004
-6.198779,106.821498
-6.1968117,106.8286062
-6.203694,106.8237302
-6.1990281,106.8226004
-6.2023592,106.8233615
-6.200922,106.8198029
-6.2059398,106.8221702
-6.2025397,106.8248896
-6.1990703,106.8235992
-6.2024046,106.8234553
-6.2026878,106.824679
-6.2024046,106.8234553
-6.20298,106.8268898
-6.202935,106.818513
-6.2024161,106.8237836
-6.2008309,106.8218771
-6.2014135,106.8221531
-6.2059685,106.8180302
-6.202935,106.818513
-6.2038393,106.8205089
-6.1988699,106.8232666
-6.2002614,106.8258699
-6.2055485,106.8182525
-6.2055009,106.8213836
-6.202367,106.8255522
-6.2054105,106.8181469
-6.2059744,106.8214578
-6.1990281,106.8226004
-6.2036939,106.8237304
-6.1968797,106.8253276
-6.2013031,106.8250819
-6.2036958,106.8236913
-6.2023838,106.8245947
-6.1975567,106.8247514
-6.2059685,106.8180302
-6.199156,106.8220854
-6.2023592,106.8233615
-6.2062108,106.8194444
-6.1990281,106.8226004
-6.2016854,106.823507
-6.2021944,106.8243924
-6.1990281,106.8226004
-6.1993582,106.8238231
-6.206537,106.825237
-6.1990281,106.8226004
-6.1975567,106.8247514
-6.1976617,106.8193609
-6.202367,106.8255522
-6.2043019,106.8234607
-6.1975567,106.8247514
-6.2021984,106.8231583
-6.2036958,106.8236913
-6.2018724,106.8233225
-6.2030967,106.8268594
-6.2037282,106.8204636
-6.2037533,106.8227667
-6.2046466,106.8233236
-6.202935,106.818513
-6.2058882,106.8188516
-6.2031787,106.8280017
-6.202935,106.818513
-6.1990703,106.8235991
-6.2023591,106.8233614
-6.2004935,106.8192351
-6.2059685,106.8180302
-6.2059685,106.8180302
-6.202935,106.818513
-6.2059744,106.8214578
-6.197403,106.8245671
-6.1974353,106.8247974
-6.2013031,106.8250819
-6.1990281,106.8226004
-6.200069,106.82306
-6.1968797,106.8253276
-6.2014585,106.8238965
-6.1989263,106.8232431
-6.2023592,106.8233615
-6.1986864,106.8290324
-6.1987954,106.825172
-6.2060345,106.8184325
-6.2023592,106.8233615
-6.2023592,106.8233615
-6.2023592,106.8233615
-6.2010518,106.8203265
-6.2047942,106.8193586
-6.2019901,106.8253004
-6.202935,106.818513
-6.2023592,106.8233615
-6.1990281,106.8226004
-6.198046,106.823465
-6.2002615,106.82587
-6.2034543,106.8212945
-6.2060465,106.8194095
-6.1987006,106.8232739
-6.197521,106.824785
-6.2013031,106.8250819
-6.2023592,106.8233615
-6.2023591,106.8233614
-6.2038462,106.8245901
-6.2059685,106.8180302
-6.2070224,106.817969
-6.2059685,106.8180302
-6.1996476,106.8275413
-6.200681,106.8237604
-6.1986864,106.8290324
-6.2008762,106.821096
-6.2043799,106.8230362
-6.1973533,106.822715
-6.2068148,106.8244581
-6.2059685,106.8180302
-6.1975567,106.8247514
-6.1968797,106.8253276
-6.2029434,106.8210641
-6.2023592,106.8233615
-6.2015541,106.8208335
-6.2023592,106.8233615
-6.2018236,106.829378
-6.2018884,106.8235894
-6.1986864,106.8290324
-6.2039746,106.8206598
-6.2023592,106.8233615
-6.2023592,106.8233615
-6.2036796,106.8201061
-6.2013958,106.8210849
-6.1975567,106.8247514
-6.2025207,106.8246449
-6.2022714,106.8233225
-6.2053399,106.8276007
-6.2036958,106.8236913
-6.1986864,106.8290324
-6.1993366,106.8202679
-6.2059744,106.8214578
-6.2054435,106.8214789
-6.1996476,106.8275413
-6.203631,106.8205488
-6.2059685,106.8180302
-6.1975567,106.8247515
-6.1975416,106.8242564
-6.2023592,106.8233615
-6.2038956,106.8187594
-6.2059685,106.8180302
-6.2036958,106.8236913
-6.2059745,106.8214577
-6.2014408,106.8234583
-6.205701,106.822243
-6.202091,106.8233456
-6.2023592,106.8233615
-6.1990281,106.8226004
-6.2036958,106.8236913
-6.198318,106.8280965
-6.19958,106.821096
-6.197731,106.8288059
-6.2023592,106.8233615
-6.2004935,106.8192351
-6.2023592,106.8233615
-6.2031275,106.8191358
-6.2038286,106.8206578
-6.2037282,106.8204636
-6.1990281,106.8226004
-6.197601,106.824613
-6.1990281,106.8226004
-6.2059744,106.8214578
-6.2002615,106.82587
-6.1990281,106.8226004
-6.204045,106.8239217
-6.2010203,106.8234155
-6.2023592,106.8233615
-6.197212,106.827121
-6.2010203,106.8234155
-6.2014028,106.8210849
-6.2018884,106.8235894
-6.2023684,106.8233608
-6.2059685,106.8180302
-6.2024046,106.8234553
-6.2059685,106.8180302
-6.2019901,106.8253004
-6.199984,106.822493
-6.2014135,106.8221531
-6.2017661,106.8244474
-6.2023591,106.8233614
-6.1990281,106.8226004
-6.1990281,106.8226004
-6.1999815,106.8225179
-6.19693,106.824
-6.1990281,106.8226004
-6.2023592,106.8233615
-6.2018884,106.8235894
-6.2011975,106.8205155
-6.2059685,106.8180302
-6.197971,106.828537
-6.2038393,106.8205089
-6.1990703,106.8235991
-6.2060495,106.821438
-6.1975567,106.8247514
-6.2023592,106.8233615
-6.202935,106.818513
-6.2037476,106.8234476
-6.2023592,106.8233615
-6.2059685,106.8180302
-6.1990281,106.8226004
-6.2039746,106.8206598
-6.1990281,106.8226004
-6.1998318,106.8264404
-6.2033414,106.8213809
-6.1990703,106.8235991
-6.2015191,106.8220773
-6.1975567,106.8247515
-6.203213,106.8188979
-6.1986864,106.8290324
-6.1990281,106.8226004
-6.1975073,106.8225849
-6.198417,106.8226852
-6.2059685,106.8180302
-6.2023592,106.8233615
-6.1999815,106.8224927
-6.1990726,106.8230262
-6.1990281,106.8226004
-6.202935,106.818513
-6.1976616,106.8193609
-6.1993862,106.824037
-6.2038393,106.8205089
-6.1975567,106.8247514
-6.2038393,106.8205089
-6.2023592,106.8233615
-6.2059685,106.8180302
-6.2024046,106.8234553
-6.2036939,106.8237304
-6.2038628,106.8245133
-6.2042106,106.8225849
-6.2053842,106.822078
-6.2029064,106.8228572
-6.2059685,106.8180302
-6.2036659,106.8201437
-6.2016037,106.8249963
-6.199004,106.82237
-6.1974287,106.8286233
-6.1976193,106.8202735
-6.2059685,106.8180302
-6.2012941,106.821328
-6.2024046,106.8234553
-6.2024047,106.8234553
-6.1999279,106.8200499
-6.2038626,106.8245135
-6.2059782,106.8214611
-6.2024046,106.8234553
-6.1968308,106.8286867
-6.200681,106.8237604
-6.2024046,106.8234553
-6.202638,106.8242446
-6.2059685,106.8180302
-6.1986864,106.8290324
-6.2013031,106.8250819
-6.2024046,106.8234553
-6.2023684,106.8233608
-6.2038493,106.8227693
-6.1980053,106.8217092
-6.2059392,106.8219667
-6.1990281,106.8226004
-6.2059685,106.8180302
-6.1979683,106.8285179
-6.2024046,106.8234553
-6.2024046,106.8234553
-6.2024046,106.8234553
-6.2024046,106.8234553
-6.2024051,106.823459
-6.2024046,106.8234553
-6.1996476,106.8275413
-6.1976137,106.8256577
-6.2060348,106.8217095
-6.198417,106.8226852
-6.2024046,106.8234553
-6.1986859,106.829032
-6.2024046,106.8234553
-6.2024046,106.8234553
-6.2014974,106.8245943
-6.203893,106.821676
-6.2060182,106.8185291
-6.2033693,106.8213867
-6.1990019,106.823566
-6.2059783,106.8214612
-6.1998255,106.8273787
-6.2019232,106.8232563
-6.1971393,106.8248662
-6.2062742,106.8260001
-6.1984589,106.8227693
-6.1996876,106.8295164
-6.2024046,106.8234553
-6.2024046,106.8234553
-6.2055953,106.8183197
-6.1993366,106.8202678
-6.2024046,106.8234553
-6.197943,106.8285961
-6.2040474,106.8239218
-6.2036939,106.8237304
-6.2025617,106.8246517
-6.203694,106.8237302
-6.1978629,106.8286953
-6.1991132,106.8236692
-6.2033787,106.8187135
-6.202935,106.818513
-6.2026575,106.829254
-6.1990281,106.8226004
-6.2038393,106.8205089
-6.2017104,106.8241912
-6.2059685,106.8180302
-6.2012838,106.8242446
-6.2024046,106.8234553
-6.2059685,106.8180302
-6.2032651,106.8190506
-6.2023864,106.8234607
-6.2024311,106.8233225
-6.1991062,106.8236692
-6.203666,106.8201438
-6.2058825,106.817885
-6.1974097,106.8287265
-6.1991359,106.8235623
-6.2034334,106.8201513
-6.1986066,106.8231381
-6.2058945,106.8187153
-6.202935,106.818513
-6.1983616,106.8293582
-6.1992643,106.8228943
-6.2059685,106.8180302
-6.1990281,106.8226004
-6.2063241,106.8260051
-6.1991647,106.822302
-6.2053559,106.8192664
-6.1990281,106.8226004
-6.1996476,106.8275413
-6.1990906,106.8234352
-6.203666,106.8201438
-6.2024047,106.8234553
-6.2024046,106.8234553
-6.2024046,106.8234553
-6.2036093,106.8201425
-6.2023592,106.8233615
-6.2046746,106.8181027
-6.2023591,106.8233614
-6.2052809,106.8277509
-6.2024047,106.8234553
-6.2024046,106.8234553
-6.1990281,106.8226004
-6.200262,106.822093
-6.2036659,106.8201437
-6.1975245,106.8247529
-6.1990427,106.8226081
-6.2002614,106.8258699
-6.2059685,106.8180302
-6.2059685,106.8180302
-6.2011985,106.8231841
-6.1971423,106.8211865
-6.1990281,106.8226004
-6.1973617,106.824613
-6.200795,106.8235743
-6.2023592,106.8233615
-6.1990703,106.8235991
-6.2021451,106.823227
-6.1992836,106.8239596
-6.2044443,106.8218155
-6.19911,106.8241272
-6.199004,106.82237
-6.2024047,106.8234553
-6.2068861,106.8250201
-6.1975567,106.8247514
-6.2003978,106.8220321
-6.2059685,106.8180302
-6.2065705,106.8215436
-6.2024052,106.823459
-6.2059783,106.8214612
-6.2024046,106.8234553
-6.1990281,106.8226004
-6.1976616,106.8193609
-6.2035773,106.8204241
-6.2053669,106.8214668
-6.200681,106.8237604
-6.2018884,106.8235894
-6.2023592,106.8233615
-6.202935,106.818513
-6.200681,106.8237604
-6.1990281,106.8226004
-6.1990039,106.82237
-6.2059685,106.8180302
-6.1973007,106.8247099
-6.1979429,106.8285957
-6.2023592,106.8233615
-6.2059685,106.8180302
-6.2059783,106.8214612
-6.2013005,106.8251133
-6.200907,106.820164
-6.2002615,106.82587
-6.2025007,106.8260882
-6.2051858,106.8229587
-6.2010203,106.8234155
-6.2059705,106.8212336
-6.202935,106.818513
-6.1996476,106.8275413
-6.2023592,106.8233615
-6.1975567,106.8247514
-6.204319,106.823537
-6.2018784,106.8180232
-6.2024051,106.823459
-6.2034903,106.823969
-6.202935,106.818513
-6.2023592,106.8233615
-6.200125,106.822192
-6.2038393,106.8205089
-6.2024047,106.8234553
-6.2024046,106.8234553
-6.197302,106.8248896
-6.1990281,106.8226004
-6.1975567,106.8247515
-6.2038393,106.8205089
-6.2024046,106.8234553
-6.202016,106.828316
-6.2035773,106.8204241
-6.2033503,106.8201934
-6.1993366,106.8202679
-6.200076,106.8225898
-6.2008385,106.8219858
-6.2060208,106.8179591
-6.1998735,106.8197884
-6.2024052,106.823459
-6.2001715,106.8191742
-6.199984,106.8224929
-6.1975245,106.8247529
-6.2024052,106.823459
-6.2014135,106.8221531
-6.203835,106.8230922
-6.1990281,106.8226004
-6.2059747,106.8214579
-6.2024046,106.8234553
-6.202435,106.8236144
-6.1991132,106.8236692
-6.2023592,106.8233615
-6.1985323,106.8241983
-6.1975513,106.8245527
-6.2034999,106.8203267
-6.200681,106.8237604
-6.1990281,106.8226004
-6.2014135,106.8221531
-6.2036939,106.8237304
-6.2024461,106.8256566
-6.2011625,106.8242905
-6.203694,106.8237302
-6.2027258,106.8255313
-6.2025981,106.825879
-6.2024047,106.8234553
-6.2023592,106.8233615
-6.1973044,106.8236961
-6.1968834,106.8253255
-6.203909,106.8237594
-6.2069788,106.8261372
-6.1996476,106.8275413
-6.2023592,106.8233615
-6.2064027,106.819472
-6.1986864,106.8290324
-6.2051858,106.8229587
-6.1975245,106.8247529
-6.2024046,106.8234553
-6.2005162,106.8217136
-6.19741,106.8287332
-6.197001,106.8246593
-6.2024046,106.8234553
-6.2038393,106.8205089
-6.2013031,106.8250819
-6.1990281,106.8226004
-6.2038393,106.8205089
-6.2024046,106.8234553
-6.2016037,106.8249963
-6.2059685,106.8180302
-6.2002612,106.8215261
-6.202991,106.8268151
-6.2064027,106.819472
-6.2038623,106.822715
-6.2035483,106.8199872
-6.2024046,106.8234553
-6.2008385,106.8219858
-6.2037253,106.8251662
-6.2036659,106.8201437
-6.2023592,106.8233615
-6.1989972,106.8220848
-6.2018236,106.829378
-6.2024046,106.8234553
-6.2007986,106.8213033
-6.2036659,106.8201437
-6.197672,106.825032
-6.1990703,106.8235991
-6.2013031,106.8250819
-6.2024046,106.8234553
-6.203845,106.8228253
-6.2023807,106.8236451
-6.1975567,106.8247514
-6.2013031,106.8250819
-6.2059685,106.8180302
-6.1989972,106.8220848
-6.2059783,106.8214612
-6.1979376,106.8286799
-6.1990281,106.8226004
-6.2031233,106.8186404
-6.202935,106.818513
-6.1969877,106.8287614
-6.2010728,106.8200037
-6.197073,106.8224468
-6.1976137,106.8256577
-6.203452,106.8212945
-6.197952,106.8178441
-6.202962,106.8180218
-6.2039543,106.8206494
-6.1990281,106.8226004
-6.2023684,106.8233608
-6.2013031,106.8250819
-6.1990281,106.8226004
-6.200681,106.8237604
-6.2024046,106.8234553
-6.2035963,106.8222446
-6.1990427,106.8226081
-6.197783,106.8202343
-6.2066785,106.8191351
-6.1991132,106.8236692
-6.1986864,106.8290324
-6.202935,106.818513
-6.202935,106.818513
-6.1975247,106.8247528
-6.199878,106.82087
-6.2059685,106.8180302
-6.2024046,106.8234553
-6.2059783,106.8214612
-6.2024046,106.8234553
-6.202935,106.818513
-6.1975247,106.8247528
-6.1990427,106.8226081
-6.1991417,106.8226312
-6.2053739,106.8214668
-6.2010611,106.8200104
-6.20521,106.823
-6.2059566,106.8179093
-6.2046819,106.8276325
-6.203694,106.8237302
-6.2012378,106.8207413
-6.2026575,106.829254
-6.1990042,106.8223724
-6.2024046,106.8234553
-6.2014135,106.8221531
-6.2018884,106.8235894
-6.1974243,106.8226771
-6.2059782,106.8214611
-6.203425,106.8221243
-6.202935,106.818513
-6.200531,106.827782
-6.2007522,106.8234148
-6.1994592,106.8274766
-6.2036939,106.8237304
-6.2013031,106.8250819
-6.1986864,106.8290324
-6.2041693,106.8203165
-6.198385,106.8225849
-6.2058825,106.817885
-6.2003698,106.8201277
-6.2053738,106.8214668
-6.2024046,106.8234553
-6.205943,106.821374
-6.2060345,106.8184325
-6.2059685,106.8180302
-6.2024477,106.8235613
-6.1996026,106.8231841
-6.2010203,106.8234155
-6.2038628,106.8245133
-6.2001972,106.8219472
-6.2025481,106.8238114
-6.2024046,106.8234553
-6.2059783,106.8214612
-6.2059748,106.8214577
-6.1990283,106.8226004
-6.203666,106.8201438
-6.2023684,106.8233608
-6.2062108,106.8194444
-6.2037282,106.8204636
-6.2038393,106.8205089
-6.2072221,106.8182525
-6.2013031,106.8250819
-6.2036958,106.8236913
-6.2030647,106.8282062
-6.202224,106.823911
-6.2059685,106.8180302
-6.2058335,106.8195742
-6.1986864,106.8290324
-6.1968797,106.8253276
-6.2022474,106.8240602
-6.199984,106.8224929
-6.2018884,106.8235894
-6.2038393,106.8205089
-6.200681,106.8237604
-6.203638,106.8237302
-6.2038393,106.8205089
-6.2036958,106.8236913
-6.2034999,106.8203267
-6.1975567,106.8247514
-6.2059685,106.8180302
-6.2059685,106.8180302
-6.1990281,106.8226004
-6.1990281,106.8226004
-6.2059685,106.8180302
-6.2036958,106.8236913
-6.1975567,106.8247515
-6.2043793,106.8223083
-6.2038096,106.8213407
-6.2059685,106.8180302
-6.2035373,106.8212023
-6.2023591,106.8233614
-6.2002615,106.82587
-6.2023592,106.8233615
-6.2024046,106.8234553
-6.1975567,106.8247515
-6.202935,106.818513
-6.202367,106.8255522
-6.2018861,106.8235894
-6.2003242,106.8218477
-6.196745,106.8288025
-6.2036958,106.8236913
-6.2053063,106.8214896
-6.2013031,106.8250819
-6.2059685,106.8180302
-6.2040578,106.8279053
-6.2008702,106.8219412
-6.2013031,106.8250819
-6.1990281,106.8226004
-6.2023657,106.8233609
-6.2059685,106.8180302
-6.2023592,106.8233615
-6.2022714,106.8233225
-6.2003278,106.8238459
-6.2023591,106.8233614
-6.2059744,106.8214578
-6.1977047,106.8284348
-6.2042693,106.8232303
-6.205168,106.8275569
-6.2036958,106.8236913
-6.204319,106.823537
-6.2057872,106.819497
-6.2012303,106.8255453
-6.2008408,106.8242905
-6.2036958,106.8236913
-6.1976616,106.8193609
-6.2062108,106.8194444
-6.2038537,106.824577
-6.2023592,106.8233615
-6.2033667,106.8190823
-6.1998319,106.8264403
-6.2053063,106.8214896
-6.197896,106.828713
-6.2022006,106.8192584
-6.1976616,106.8193609
-6.19723,106.8286692
-6.1990703,106.8235992
-6.2009275,106.8265399
-6.1975567,106.8247514
-6.2059685,106.8180302
-6.2052859,106.8277442
-6.2021581,106.8234253
-6.1990703,106.8235992
-6.2023592,106.8233615
-6.1999499,106.8211493
-6.2023592,106.8233615
-6.1986864,106.8290324
-6.1983702,106.82311
-6.2036958,106.8236913
-6.2038537,106.824577
-6.2010201,106.8234154
-6.203728,106.820464
-6.2056667,106.8223871
-6.1968797,106.8253276
-6.2024687,106.824613
-6.2023592,106.8233615
-6.2065705,106.8215436
-6.2024478,106.8245925
-6.2023592,106.8233615
-6.2042007,106.8224295
-6.2039746,106.8206598
-6.2036958,106.8236913
-6.1976616,106.8193609
-6.2038537,106.824577
-6.1979103,106.8283597